new_subset_name,main_set,source_insert_subset,variant,card_count,card_ids_sample,already_exists,action
2025 Topps Chrome Marvel - Marvel Anniversaries Orange Refractor,2025 Topps Chrome Marvel,2025 Topps Chrome Marvel - Marvel Anniversaries,Orange Refractor,29,78901 78911 79039 78926 78933,no,create_then_move
2025 Topps Chrome Marvel - Marvel Anniversaries SuperFractor,2025 Topps Chrome Marvel,2025 Topps Chrome Marvel - Marvel Anniversaries,SuperFractor,29,78914 78920 78921 78929 78943,yes,move_cards_to_existing
2025 Topps Chrome Marvel Studios - TVA Pruning Black,2025 Topps Chrome Marvel Studios,2025 Topps Chrome Marvel Studios - TVA Pruning,Black,23,81241 81301 81269 81274 81277,no,create_then_move
2025 Topps Chrome Marvel Studios - TVA Pruning Red,2025 Topps Chrome Marvel Studios,2025 Topps Chrome Marvel Studios - TVA Pruning,Red,23,81243 81202 81271 81272 81279,no,create_then_move
2025 Topps Finest X-Men '97 - Greatest Hits SuperFractor,2025 Topps Finest X-Men '97,2025 Topps Finest X-Men '97 - Greatest Hits,SuperFractor,20,81813 81889 81894 81893 81895,yes,move_cards_to_existing
2025 Topps Finest X-Men '97 - Greatest Hits X-Fractor,2025 Topps Finest X-Men '97,2025 Topps Finest X-Men '97 - Greatest Hits,X-Fractor,20,81814 81877 81882 81795 81897,yes,move_cards_to_existing
2025 Topps Finest X-Men '97 - Greatest Hits Orange Refractor,2025 Topps Finest X-Men '97,2025 Topps Finest X-Men '97 - Greatest Hits,Orange Refractor,20,81815 81878 81883 81890 81898,yes,move_cards_to_existing
2025 Topps Finest X-Men '97 - Greatest Hits Laser Refractor,2025 Topps Finest X-Men '97,2025 Topps Finest X-Men '97 - Greatest Hits,Laser Refractor,20,81816 81879 81885 81891 81899,yes,move_cards_to_existing
2025 Topps Finest X-Men '97 - Greatest Hits Gold Refractor,2025 Topps Finest X-Men '97,2025 Topps Finest X-Men '97 - Greatest Hits,Gold Refractor,20,81817 81880 81886 81727 81900,yes,move_cards_to_existing
2025 Topps Finest X-Men '97 - Greatest Hits Red Refractor,2025 Topps Finest X-Men '97,2025 Topps Finest X-Men '97 - Greatest Hits,Red Refractor,20,81818 81881 81887 81724 81742,yes,move_cards_to_existing
2025 Topps Finest X-Men '97 - Sentinels’ Scan Orange Refractor,2025 Topps Finest X-Men '97,2025 Topps Finest X-Men '97 - Sentinels’ Scan,Orange Refractor,20,81629 81646 82110 81634 82114,yes,move_cards_to_existing
2025 Topps Finest X-Men '97 - Sentinels’ Scan Gold Refractor,2025 Topps Finest X-Men '97,2025 Topps Finest X-Men '97 - Sentinels’ Scan,Gold Refractor,20,81640 81635 82106 82112 82115,yes,move_cards_to_existing
2025 Topps Finest X-Men '97 - Sentinels’ Scan SuperFractor,2025 Topps Finest X-Men '97,2025 Topps Finest X-Men '97 - Sentinels’ Scan,SuperFractor,20,82053 82104 82108 82109 82117,yes,move_cards_to_existing
2025 Topps Finest X-Men '97 - Sentinels’ Scan X-Fractor,2025 Topps Finest X-Men '97,2025 Topps Finest X-Men '97 - Sentinels’ Scan,X-Fractor,20,82054 81631 82105 82111 81625,yes,move_cards_to_existing
2025 Topps Finest X-Men '97 - Sentinels’ Scan Red Refractor,2025 Topps Finest X-Men '97,2025 Topps Finest X-Men '97 - Sentinels’ Scan,Red Refractor,20,82056 82107 82133 82113 82116,yes,move_cards_to_existing
2025 Topps Finest X-Men '97 - Children of the Atom SuperFractor,2025 Topps Finest X-Men '97,2025 Topps Finest X-Men '97 - Children of the Atom,SuperFractor,19,81774 81697 81788 81784 81785,yes,move_cards_to_existing
2025 Topps Finest X-Men '97 - Previously on X-Men SuperFractor,2025 Topps Finest X-Men '97,2025 Topps Finest X-Men '97 - Previously on X-Men,SuperFractor,19,81919 82002 81961 82008 82017,yes,move_cards_to_existing
2025 Topps Finest X-Men '97 - Previously on X-Men X-Fractor,2025 Topps Finest X-Men '97,2025 Topps Finest X-Men '97 - Previously on X-Men,X-Fractor,19,81921 81609 82024 81962 82009,yes,move_cards_to_existing
2025 Topps Finest X-Men '97 - Previously on X-Men Orange Refractor,2025 Topps Finest X-Men '97,2025 Topps Finest X-Men '97 - Previously on X-Men,Orange Refractor,19,81923 81957 81963 82013 82010,yes,move_cards_to_existing
2025 Topps Finest X-Men '97 - Previously on X-Men Gold Refractor,2025 Topps Finest X-Men '97,2025 Topps Finest X-Men '97 - Previously on X-Men,Gold Refractor,19,81925 81959 82007 81601 82012,yes,move_cards_to_existing
2025 Topps Finest X-Men '97 - Previously on X-Men Red Refractor,2025 Topps Finest X-Men '97,2025 Topps Finest X-Men '97 - Previously on X-Men,Red Refractor,19,81926 81599 81965 82015 82014,yes,move_cards_to_existing
2025 Topps Finest X-Men '97 - Previously on X-Men Laser Refractor,2025 Topps Finest X-Men '97,2025 Topps Finest X-Men '97 - Previously on X-Men,Laser Refractor,19,81966 81958 82006 81914 82011,yes,move_cards_to_existing
2024 Upper Deck Women of Marvel - Battle Time Foil Lt Fx Purple,2024 Upper Deck Women of Marvel,2024 Upper Deck Women of Marvel - Battle Time,Foil Lt Fx Purple,11,78347 78340 78343 78333 78356,yes,move_cards_to_existing
2024 Upper Deck Women of Marvel - Battle Time Foil Lt Fx Copper,2024 Upper Deck Women of Marvel,2024 Upper Deck Women of Marvel - Battle Time,Foil Lt Fx Copper,10,78348 78326 78344 78334 78357,yes,move_cards_to_existing
2024 Upper Deck Women of Marvel - Battle Time Foil Lt Fx Gold,2024 Upper Deck Women of Marvel,2024 Upper Deck Women of Marvel - Battle Time,Foil Lt Fx Gold,10,78350 78328 78346 78337 78359,yes,move_cards_to_existing
2024 Upper Deck Women of Marvel - Battle Time Foil Lt Fx Blue,2024 Upper Deck Women of Marvel,2024 Upper Deck Women of Marvel - Battle Time,Foil Lt Fx Blue,10,78351 78329 78331 78336 78360,yes,move_cards_to_existing
2025 Topps Chrome Marvel - Air Marvel Shadowbox SuperFractor,2025 Topps Chrome Marvel,2025 Topps Chrome Marvel - Air Marvel Shadowbox,SuperFractor,10,78829 78834 78832 78828 78845,no,create_then_move
2025 Topps Chrome Marvel - Galactic Legends Refractor,2025 Topps Chrome Marvel,2025 Topps Chrome Marvel - Galactic Legends,Refractor,10,79283 79272 79275 79280 79281,yes,move_cards_to_existing
2025 Topps Chrome Marvel - Galactic Legends SuperFractor,2025 Topps Chrome Marvel,2025 Topps Chrome Marvel - Galactic Legends,SuperFractor,10,79305 79301 79308 79290 79289,yes,move_cards_to_existing
2025 Topps Chrome Marvel - Indestructible Black Lazer Refractor SuperFractor,2025 Topps Chrome Marvel,2025 Topps Chrome Marvel - Indestructible Black Lazer Refractor,SuperFractor,10,79397 79423 79425 79399 79404,no,create_then_move
2025 Topps Chrome Marvel - Marvel Icons Orange Refractor,2025 Topps Chrome Marvel,2025 Topps Chrome Marvel - Marvel Icons,Orange Refractor,10,79353 79351 79360 79349 79337,no,create_then_move
2025 Topps Chrome Marvel - Marvel Icons Black Refractor,2025 Topps Chrome Marvel,2025 Topps Chrome Marvel - Marvel Icons,Black Refractor,10,79362 79348 79357 79372 79345,no,create_then_move
2025 Topps Chrome Marvel - Marvel Icons SuperFractor,2025 Topps Chrome Marvel,2025 Topps Chrome Marvel - Marvel Icons,SuperFractor,10,79369 79386 79358 79371 79380,yes,move_cards_to_existing
2025 Topps Chrome Marvel - Marvel Icons Red Wave Refractor,2025 Topps Chrome Marvel,2025 Topps Chrome Marvel - Marvel Icons,Red Wave Refractor,10,79370 79387 79363 79343 79381,no,create_then_move
2025 Topps Chrome Marvel - The New Avengers 20th Anniversary SuperFractor,2025 Topps Chrome Marvel,2025 Topps Chrome Marvel - The New Avengers 20th Anniversary,SuperFractor,10,79544 79559 79540 79525 79558,yes,move_cards_to_existing
2025 Topps Chrome Marvel - The New Avengers 20th Anniversary Orange,2025 Topps Chrome Marvel,2025 Topps Chrome Marvel - The New Avengers 20th Anniversary,Orange,10,79545 79556 79521 79529 79513,yes,move_cards_to_existing
2025 Topps Chrome Marvel - The New Avengers 20th Anniversary Black,2025 Topps Chrome Marvel,2025 Topps Chrome Marvel - The New Avengers 20th Anniversary,Black,10,79546 79557 79515 79530 79560,yes,move_cards_to_existing
2025 Topps Chrome Marvel - X-Men Giant Size 50th Anniversary SuperFractor,2025 Topps Chrome Marvel,2025 Topps Chrome Marvel - X-Men Giant Size 50th Anniversary,SuperFractor,10,81348 81366 81373 81354 81381,yes,move_cards_to_existing
2025 Topps Chrome Marvel - X-Men Giant Size 50th Anniversary Orange Refractor,2025 Topps Chrome Marvel,2025 Topps Chrome Marvel - X-Men Giant Size 50th Anniversary,Orange Refractor,10,81351 81370 81379 81358 81334,no,create_then_move
2025 Topps Chrome Marvel - X-Men Giant Size 50th Anniversary Black Refractor,2025 Topps Chrome Marvel,2025 Topps Chrome Marvel - X-Men Giant Size 50th Anniversary,Black Refractor,10,81352 81371 81380 81359 81336,no,create_then_move
2025 Topps Chrome Sapphire Edition Marvel - Sapphire Selections Black,2025 Topps Chrome Sapphire Edition Marvel,2025 Topps Chrome Sapphire Edition Marvel - Sapphire Selections,Black,10,79613 79623 79634 79631 79637,yes,move_cards_to_existing
2025 Topps Chrome Sapphire Edition Marvel - Sapphire Selections Red,2025 Topps Chrome Sapphire Edition Marvel,2025 Topps Chrome Sapphire Edition Marvel - Sapphire Selections,Red,10,79618 79652 79614 79633 79638,yes,move_cards_to_existing
2025 Topps Chrome Sapphire Edition Marvel - Sapphire Selections Padparadscha,2025 Topps Chrome Sapphire Edition Marvel,2025 Topps Chrome Sapphire Edition Marvel - Sapphire Selections,Padparadscha,10,79632 79651 79629 79636 79635,yes,move_cards_to_existing
2024 Upper Deck Women of Marvel - Battle Time Foil Lt Fx Red,2024 Upper Deck Women of Marvel,2024 Upper Deck Women of Marvel - Battle Time,Foil Lt Fx Red,9,78332 78342 78339 78338 78322,yes,move_cards_to_existing
2025 Topps Chrome Marvel - Marvel Anniversaries Red Wave Refractor,2025 Topps Chrome Marvel,2025 Topps Chrome Marvel - Marvel Anniversaries,Red Wave Refractor,9,78913 78909 78917 78924 78937,no,create_then_move
2025 Topps Chrome Marvel - X-Men Giant Size 50th Anniversary Red Wave Refractor,2025 Topps Chrome Marvel,2025 Topps Chrome Marvel - X-Men Giant Size 50th Anniversary,Red Wave Refractor,9,81349 81368 81377 81355 81337,no,create_then_move
2025 Topps Finest X-Men '97 - Remember It Laser Refractor,2025 Topps Finest X-Men '97,2025 Topps Finest X-Men '97 - Remember It,Laser Refractor,9,81708 82052 81711 82037 82033,yes,move_cards_to_existing
2025 Topps Finest X-Men '97 - Remember It SuperFractor,2025 Topps Finest X-Men '97,2025 Topps Finest X-Men '97 - Remember It,SuperFractor,9,82034 82048 82036 82040 82041,yes,move_cards_to_existing
2025 Topps Finest X-Men '97 - Remember It X-Fractor,2025 Topps Finest X-Men '97,2025 Topps Finest X-Men '97 - Remember It,X-Fractor,9,82035 82051 81716 82042 82043,yes,move_cards_to_existing
2024 Upper Deck Women of Marvel - Battle Time Foil Lt Fx Green,2024 Upper Deck Women of Marvel,2024 Upper Deck Women of Marvel - Battle Time,Foil Lt Fx Green,8,78349 78341 78345 78335 78358,yes,move_cards_to_existing
2025 Topps Chrome Marvel - Future Stars Orange Refractor,2025 Topps Chrome Marvel,2025 Topps Chrome Marvel - Future Stars,Orange Refractor,8,79229 79226 79219 79220 79231,no,create_then_move
2025 Topps Chrome Marvel - Future Stars SuperFractor,2025 Topps Chrome Marvel,2025 Topps Chrome Marvel - Future Stars,SuperFractor,8,79239 78735 79248 79243 79217,yes,move_cards_to_existing
2025 Topps Chrome Marvel - Galactic Legends Red Wave Refractor,2025 Topps Chrome Marvel,2025 Topps Chrome Marvel - Galactic Legends,Red Wave Refractor,8,79307 79288 79286 79293 79291,no,create_then_move
2025 Topps Chrome Marvel - Marvel Anniversaries Black Refractor,2025 Topps Chrome Marvel,2025 Topps Chrome Marvel - Marvel Anniversaries,Black Refractor,7,78902 78912 78919 78927 79044,no,create_then_move
2025 Topps Chrome Marvel Studios - TVA Pruning Gold,2025 Topps Chrome Marvel Studios,2025 Topps Chrome Marvel Studios - TVA Pruning,Gold,7,81242 81302 79858 81171 81278,no,create_then_move
2024 Upper Deck Marvel Studios Series 1 - 2024 Upper Deck Marvel Studios Series 1 Outburst,2024 Upper Deck Marvel Studios Series 1,2024 Upper Deck Marvel Studios Series 1 - 2024 Upper Deck Marvel Studios Series 1,Outburst,6,80216 80225 80205 80219 77345,no,create_then_move
2025 Topps Chrome Marvel - 35 Years of Ghost Rider Shadowbox SuperFractor,2025 Topps Chrome Marvel,2025 Topps Chrome Marvel - 35 Years of Ghost Rider Shadowbox,SuperFractor,5,78770 78784 78777 78776 78790,no,create_then_move
2025 Topps Chrome Marvel - 50 Years of Nightcrawler Superfractor SuperFractor,2025 Topps Chrome Marvel,2025 Topps Chrome Marvel - 50 Years of Nightcrawler Superfractor,SuperFractor,5,78798 78808 78814 78815 78816,no,create_then_move
2025 Topps Chrome Marvel - 50 Years of Nightcrawler Superfractor Mini-Diamonds Refractor,2025 Topps Chrome Marvel,2025 Topps Chrome Marvel - 50 Years of Nightcrawler Superfractor,Mini-Diamonds Refractor,5,78799 78802 78803 78809 78810,no,create_then_move
2025 Topps Chrome Marvel - Air Marvel Shadowbox Mini-Diamonds Refractor,2025 Topps Chrome Marvel,2025 Topps Chrome Marvel - Air Marvel Shadowbox,Mini-Diamonds Refractor,5,78830 78836 78833 78839 78842,no,create_then_move
2025 Topps Chrome Marvel - Air Marvel Shadowbox Red Wave Refractor,2025 Topps Chrome Marvel,2025 Topps Chrome Marvel - Air Marvel Shadowbox,Red Wave Refractor,5,78866 78817 78835 78840 78843,no,create_then_move
2025 Topps Chrome Marvel - Future Stars Black Refractor,2025 Topps Chrome Marvel,2025 Topps Chrome Marvel - Future Stars,Black Refractor,5,79233 79242 79232 79245 79221,no,create_then_move
2025 Topps Chrome Marvel - Future Stars Red Wave Refractor,2025 Topps Chrome Marvel,2025 Topps Chrome Marvel - Future Stars,Red Wave Refractor,5,79240 79241 79249 79244 79223,no,create_then_move
2025 Topps Chrome Marvel - Galactic Legends Black Refractor,2025 Topps Chrome Marvel,2025 Topps Chrome Marvel - Galactic Legends,Black Refractor,5,79279 79269 79310 79285 79294,no,create_then_move
2025 Topps Chrome Marvel - Golden Anniversaries SuperFractor,2025 Topps Chrome Marvel,2025 Topps Chrome Marvel - Golden Anniversaries,SuperFractor,5,79328 79332 79335 79334 79333,yes,move_cards_to_existing
2025 Topps Chrome Marvel - Marvel Reflections Refractor,2025 Topps Chrome Marvel,2025 Topps Chrome Marvel - Marvel Reflections,Refractor,5,79588 79595 78753 79592 79594,no,create_then_move
2025 Topps Chrome Marvel - Topps Patrimony Red Wave Refractor,2025 Topps Chrome Marvel,2025 Topps Chrome Marvel - Topps Patrimony,Red Wave Refractor,5,79564 79579 79578 79580 79585,no,create_then_move
2025 Topps Chrome Marvel - Topps Patrimony SuperFractor,2025 Topps Chrome Marvel,2025 Topps Chrome Marvel - Topps Patrimony,SuperFractor,5,79572 78761 79573 79582 79583,yes,move_cards_to_existing
2025 Topps Chrome Marvel - Topps Patrimony Black Refractor,2025 Topps Chrome Marvel,2025 Topps Chrome Marvel - Topps Patrimony,Black Refractor,5,79576 79567 79574 79586 79571,yes,move_cards_to_existing
2025 Topps Chrome Marvel - Topps Patrimony Mini-Diamonds Refractor,2025 Topps Chrome Marvel,2025 Topps Chrome Marvel - Topps Patrimony,Mini-Diamonds Refractor,5,79581 79570 79565 79577 79584,no,create_then_move
2024 Upper Deck Marvel Studios Series 1 - 2024 Upper Deck Marvel Studios Series 1 Outburst Red,2024 Upper Deck Marvel Studios Series 1,2024 Upper Deck Marvel Studios Series 1 - 2024 Upper Deck Marvel Studios Series 1,Outburst Red,4,80213 80222 77343 77344,no,create_then_move
2025 Topps Chrome Marvel Studios - TVA Pruning Orange,2025 Topps Chrome Marvel Studios,2025 Topps Chrome Marvel Studios - TVA Pruning,Orange,4,81240 81300 81268 81182,no,create_then_move
2024 Upper Deck Marvel Studios Series 1 - 2024 Upper Deck Marvel Studios Series 1 Outburst Gold,2024 Upper Deck Marvel Studios Series 1,2024 Upper Deck Marvel Studios Series 1 - 2024 Upper Deck Marvel Studios Series 1,Outburst Gold,2,80212 80220,no,create_then_move
2025 Topps Chrome Marvel Studios - Daredevil Born Again Black,2025 Topps Chrome Marvel Studios,2025 Topps Chrome Marvel Studios - Daredevil Born Again,Black,1,80495,no,create_then_move
2025 Topps Chrome Marvel Studios - Daredevil Born Again Red,2025 Topps Chrome Marvel Studios,2025 Topps Chrome Marvel Studios - Daredevil Born Again,Red,1,80565,no,create_then_move
2025 Topps Chrome Marvel Studios - TVA Pruning Superfractor,2025 Topps Chrome Marvel Studios,2025 Topps Chrome Marvel Studios - TVA Pruning,Superfractor,1,81236,yes,move_cards_to_existing
2025 Topps Finest X-Men '97 - Omega Level SuperFractor,2025 Topps Finest X-Men '97,2025 Topps Finest X-Men '97 - Omega Level,SuperFractor,1,81705,yes,move_cards_to_existing
