rank,main_set,subset,set_id,duplicate_groups,cards_involved,sample_card_numbers
1,2020-21 Upper Deck Marvel Annual,2020-21 Upper Deck Marvel Annual - Base Variant Cover Set,4135,100,200,1 10 100 11 12 13 14 15 16 17
2,2021 SkyBox Metal Universe Marvel Spider-Man,2021 SkyBox Metal Universe Marvel Spider-Man - Precious Metal Gems Red,4193,100,200,1 10 100 11 12 13 14 15 16 17
3,2024 Upper Deck Marvel Masterpieces '92 Platinum,2024 Upper Deck Marvel Masterpieces '92 Platinum - Lenticular,6031,100,200,1 10 100 11 12 13 14 15 16 17
4,2023-24 Upper Deck Marvel Annual,2023-24 Upper Deck Marvel Annual - Crystal Clear,5508,99,198,1 10 100 11 12 13 14 16 17 18
5,2008 Upper Deck Marvel Masterpieces Set 2,2008 Upper Deck Marvel Masterpieces Set 2 - 2008 Upper Deck Marvel Masterpieces Set 2,2834,90,180,1 10 11 12 13 14 15 16 17 18
6,2024 Upper Deck Marvel Spider-Man Renditions,2024 Upper Deck Marvel Spider-Man Renditions - Marvel Universe Impel Artist Autographs,2454,81,162,1 10 100 11 12 13 14 15 16 17
7,1995 Fleer Ultra Spider-Man,1995 Fleer Ultra Spider-Man - Gold Foil Signature Series,11950,79,160,10 18 11 13 14 15 16 17 19 2
8,2024 Upper Deck Marvel Spider-Man Renditions,2024 Upper Deck Marvel Spider-Man Renditions - Artist Autographs,6127,77,154,10 11 12 13 15 17 2 20 21 24
9,2024 SkyBox Metal Universe Marvel Avengers,2024 SkyBox Metal Universe Marvel Avengers - Comic Cuts,5663,64,128,CC-AV1 CC-AV10 CC-AV11 CC-AV12 CC-AV13 CC-AV14 CC-AV15 CC-AV16 CC-AV17 CC-AV18
10,2022 Fleer Ultra Marvel Avengers,2022 Fleer Ultra Marvel Avengers - Marvel Value Stamps Relics,2381,50,100,VS-1 VS-10 VS-11 VS-12 VS-13 VS-14 VS-15 VS-16 VS-17 VS-18
11,2023 Upper Deck Marvel What If…?,2023 Upper Deck Marvel What If…? - Black Diamond Cosmic Stone Relics,6852,49,98,BD1 BD10 BD11 BD12 BD13 BD14 BD15 BD16 BD17 BD18
12,2023 Upper Deck Marvel What If…?,2023 Upper Deck Marvel What If…? - Black Diamond Stone Relics,6858,49,98,BD1 BD10 BD11 BD12 BD13 BD14 BD15 BD16 BD17 BD18
13,2015 Fleer Retro Marvel,2015 Fleer Retro Marvel - Autographs,3122,30,60,15 17 18 19 2 23 25 28 29 31
14,2021 SkyBox Metal Universe Marvel Spider-Man,2021 SkyBox Metal Universe Marvel Spider-Man - Comic Cuts Autographed Masterworks,4177,25,50,CCA-GCSM111 CCA-GCSM113 CCA-GCSM114 CCA-GCSM119 CCA-GCSM120 CCA-GCSM121 CCA-GCSM122 CCA-GCSM123 CCA-GCSM124 CCA-GCSM125
15,2024 Upper Deck Marvel Avengers,2024 Upper Deck Marvel Avengers - Battle Time,5826,25,50,BT-1 BT-10 BT-11 BT-12 BT-13 BT-14 BT-15 BT-16 BT-17 BT-18
16,2023 Upper Deck Marvel Anime Vol. 2,2023 Upper Deck Marvel Anime Vol. 2 - Woodblock Echo,5022,21,42,WH-42 WH-43 WH-44 WH-45 WH-46 WH-47 WH-48 WH-50 WH-51 WH-52
17,2024 Upper Deck Marvel Studios Series 1,2024 Upper Deck Marvel Studios Series 1 - UD Canvas,6182,21,42,C13 C36 C37 C38 C39 C40 C41 C42 C43 C44
18,2024 Upper Deck Marvel Studios Series 1,2024 Upper Deck Marvel Studios Series 1 - UD Canvas Black and White,6183,21,42,C13 C36 C37 C38 C39 C40 C41 C42 C43 C44
19,2020-21 Upper Deck Marvel Annual,2020-21 Upper Deck Marvel Annual - Splash-ticular 3D,4164,20,40,S1 S10 S11 S12 S13 S14 S15 S16 S17 S18
20,2021-22 Upper Deck Marvel Annual,2021-22 Upper Deck Marvel Annual - Splash-ticular,4326,20,40,N1S-1 N1S-10 N1S-11 N1S-12 N1S-13 N1S-14 N1S-15 N1S-16 N1S-17 N1S-18
21,2022-23 Upper Deck Marvel Annual,2022-23 Upper Deck Marvel Annual - Multiple Dimensions Lenticulars,4556,20,40,MD1 MD10 MD11 MD12 MD13 MD14 MD15 MD16 MD17 MD18
22,2023 Flair Marvel,2023 Flair Marvel - Solar Flair,4678,20,40,SF21 SF22 SF23 SF24 SF25 SF26 SF27 SF28 SF29 SF30
23,2023 Fleer Ultra Marvel Wolverine,2023 Fleer Ultra Marvel Wolverine - Pop Culture,4814,20,40,PC-21 PC-22 PC-23 PC-24 PC-25 PC-26 PC-27 PC-28 PC-33 PC-34
24,1995 Ultra X-Men Chromium,1995 Ultra X-Men Chromium - 1995 Ultra X-Men Chromium,12178,19,39,8 1 10 11 12 13 14 15 16 17
25,1995 Ultra X-Men Chromium,1995 Ultra X-Men Chromium - Alternate X,7301,19,39,8 1 10 11 12 13 14 15 16 17
26,2023 Upper Deck Marvel Anime Vol. 2,2023 Upper Deck Marvel Anime Vol. 2 - Hanafuda,5006,19,38,H-32 H-33 H-34 H-35 H-36 H-37 H-38 H-39 H-40 H-41
27,2016 Upper Deck Marvel Masterpieces,2016 Upper Deck Marvel Masterpieces - Battle Spectra,3381,16,35,BS-11 BS-5 BS-9 BS-1 BS-10 BS-12 BS-13 BS-14 BS-15 BS-16
28,2016 Upper Deck Marvel Masterpieces,2016 Upper Deck Marvel Masterpieces - Battle Spectra Gems,3382,16,32,BS-1 BS-10 BS-11 BS-12 BS-13 BS-14 BS-15 BS-16 BS-2 BS-3
29,2022-23 Upper Deck Marvel Annual,2022-23 Upper Deck Marvel Annual - Suspended Animation Tier 1,4584,15,45,1 2 3 4 5 10 6 7 8 9
30,2023 Flair Marvel,2023 Flair Marvel - Power Blast,4672,15,30,PB26 PB27 PB28 PB29 PB30 PB31 PB32 PB33 PB34 PB35
31,2023 Upper Deck Marvel Anime Vol. 2,2023 Upper Deck Marvel Anime Vol. 2 - Stax,5018,15,30,MS-11a MS-11b MS-11c MS-12a MS-12b MS-12c MS-13a MS-13b MS-13c MS-14a
32,2023 Upper Deck Marvel What If…?,2023 Upper Deck Marvel What If…? - The Watcher's Sight Lenticulars,6873,15,30,WS1 WS10 WS11 WS12 WS13 WS14 WS15 WS2 WS3 WS4
33,2023 Flair Marvel,2023 Flair Marvel - Acrylic Aether,4651,12,24,AA23 AA24 AA25 AA26 AA27 AA28 AA29 AA30 AA31 AA32
34,2022 Fleer Ultra Marvel Avengers,2022 Fleer Ultra Marvel Avengers - Blue Foil,4358,10,20,101 102 103 104 41 42 43 44 45 46
35,2022 Fleer Ultra Marvel Avengers,2022 Fleer Ultra Marvel Avengers - Burgundy Foil,4359,10,20,101 102 103 104 41 42 43 44 45 46
36,2022 Fleer Ultra Marvel Avengers,2022 Fleer Ultra Marvel Avengers - Gold Spectrum Foil,4380,10,20,101 102 103 104 41 42 43 44 45 46
37,2022 Fleer Ultra Marvel Avengers,2022 Fleer Ultra Marvel Avengers - Greatest Battles,4381,10,20,EB-1 EB-11 EB-12 EB-2 EB-3 EB-4 EB-5 EB-6 EB-8 EB-9
38,2022 Fleer Ultra Marvel Avengers,2022 Fleer Ultra Marvel Avengers - Green Foil,4392,10,20,101 102 103 104 41 42 43 44 45 46
39,2022 Fleer Ultra Marvel Avengers,2022 Fleer Ultra Marvel Avengers - Orange Foil,4402,10,20,101 102 103 104 41 42 43 44 45 46
40,2022 Fleer Ultra Marvel Avengers,2022 Fleer Ultra Marvel Avengers - Red Foil Artist Autographs,4408,10,20,101 102 103 104 41 42 43 44 45 46
41,2023 Flair Marvel,2023 Flair Marvel - Splintered Facade,4680,10,20,SF-16 SF-17 SF-18 SF-19 SF-20 SF-21 SF-22 SF-23 SF-24 SF-25
42,2024 Fleer Ultra Matriarchs of Marvel,2024 Fleer Ultra Matriarchs of Marvel - Black Foil,5590,10,20,100 91 92 93 94 95 96 97 98 99
43,2024 Topps Chrome Marvel,2024 Topps Chrome Marvel - Marvel Giant-Sized 50th Anniversary,2426,10,20,MG-1 MG-10 MG-2 MG-3 MG-4 MG-5 MG-6 MG-7 MG-8 MG-9
44,2024 Topps Chrome Marvel,2024 Topps Chrome Marvel - Marvel Giant-Sized 50th Anniversary Black Wave Refractor,2427,10,20,MG-1 MG-10 MG-2 MG-3 MG-4 MG-5 MG-6 MG-7 MG-8 MG-9
45,2024 Topps Chrome Marvel,2024 Topps Chrome Marvel - Marvel Giant-Sized 50th Anniversary Gold Refractor,2428,10,20,MG-1 MG-10 MG-2 MG-3 MG-4 MG-5 MG-6 MG-7 MG-8 MG-9
46,2024 Topps Chrome Marvel,2024 Topps Chrome Marvel - Marvel Giant-Sized 50th Anniversary Orange Refractor,2429,10,20,MG-1 MG-10 MG-2 MG-3 MG-4 MG-5 MG-6 MG-7 MG-8 MG-9
47,2024 Topps Chrome Marvel,2024 Topps Chrome Marvel - Marvel Giant-Sized 50th Anniversary Red Refractor,2430,10,20,MG-1 MG-10 MG-2 MG-3 MG-4 MG-5 MG-6 MG-7 MG-8 MG-9
48,2024 Topps Chrome Marvel,2024 Topps Chrome Marvel - Marvel Giant-Sized 50th Anniversary SuperFractor,2431,10,20,MG-1 MG-10 MG-2 MG-3 MG-4 MG-5 MG-6 MG-7 MG-8 MG-9
49,2024 Topps Chrome Marvel,2024 Topps Chrome Marvel - Topps Patrimony Black Wave Refractor,5747,10,20,TP-1 TP-10 TP-2 TP-3 TP-4 TP-5 TP-6 TP-7 TP-8 TP-9
50,2024 Topps Chrome Marvel,2024 Topps Chrome Marvel - Topps Patrimony Red Refractor,5748,10,20,TP-1 TP-10 TP-2 TP-3 TP-4 TP-5 TP-6 TP-7 TP-8 TP-9
51,2024 Topps Chrome Marvel,2024 Topps Chrome Marvel - Topps Patrimony SuperFractor,5749,10,20,TP-1 TP-10 TP-2 TP-3 TP-4 TP-5 TP-6 TP-7 TP-8 TP-9
52,2022 Fleer Ultra Marvel Avengers,2022 Fleer Ultra Marvel Avengers - Ultra Power,4410,9,19,UP-3 UP-10 UP-11 UP-12 UP-13 UP-14 UP-4 UP-5 UP-9
53,1993 SkyBox Marvel Universe,1993 SkyBox Marvel Universe - 1993 SkyBox Marvel Universe,2656,9,18,1 2 3 4 5 6 7 8 9
54,1994 Ultra X-Men,1994 Ultra X-Men - Team Portrait,7288,9,18,1 2 3 4 5 6 7 8 9
55,1997 Fleer/SkyBox X-Men 2099 Oasis,1997 Fleer/SkyBox X-Men 2099 Oasis - 1997 Fleer/SkyBox X-Men 2099 Oasis,12175,9,18,1 2 3 4 5 6 7 8 9
56,1997 Fleer/SkyBox X-Men 2099 Oasis,1997 Fleer/SkyBox X-Men 2099 Oasis - Chromium,7311,9,18,1 2 3 4 5 6 7 8 9
57,1997 Fleer/SkyBox X-Men '97 Timelines,1997 Fleer/SkyBox X-Men '97 Timelines - 1997 Fleer/SkyBox X-Men '97 Timelines,12174,8,16,1 2 3 4 5 6 7 8
58,1997 Fleer/SkyBox X-Men '97 Timelines,1997 Fleer/SkyBox X-Men '97 Timelines - New Recruits,7309,8,16,1 2 3 4 5 6 7 8
59,2022 SkyBox Marvel Masterpieces,2022 SkyBox Marvel Masterpieces - Metallurgy,4439,7,14,15 18 19 20 21 36 51
60,2022 SkyBox Marvel Masterpieces,2022 SkyBox Marvel Masterpieces - Preserved In Amber Red,4444,7,14,PA-15 PA-16 PA-18 PA-19 PA-36 PA-51 PA-8
61,1994 Ultra X-Men,1994 Ultra X-Men - Team Triptych,7289,6,12,1 2 3 4 5 6
62,1995 Fleer Marvel Masterpieces,1995 Fleer Marvel Masterpieces - E-Motion Signature Series,2700,6,12,28 29 30 67 68 69
63,2024 SkyBox Metal Universe Marvel Avengers,2024 SkyBox Metal Universe Marvel Avengers - Arc Weld,5660,6,12,AW-26 AW-27 AW-28 AW-29 AW-30 AW-31
64,2024 SkyBox Metal Universe Marvel Avengers,2024 SkyBox Metal Universe Marvel Avengers - Blast Furnace,5661,6,12,BF-26 BF-27 BF-28 BF-29 BF-30 BF-31
65,1994 Ultra X-Men,1994 Ultra X Men,1183,5,10,124 126 127 128 129
66,1994 Ultra X-Men,1994 Ultra X-Men - 1994 Ultra X-Men,12180,5,10,124 126 127 128 129
67,2023 Upper Deck Marvel Platinum ,2023 Upper Deck Marvel Platinum - Blue Rainbow,5228,5,10,160 43 44 57 83
68,2023 Upper Deck Marvel What If…?,2023 Upper Deck Marvel What If…? - Infinity Ultron Metal,6868,5,10,IU-2 IU-3 IU-4 IU-5 IU-6
69,2024 SkyBox Metal Universe Marvel Avengers,2024 SkyBox Metal Universe Marvel Avengers - A Soldier’s Metal,5655,5,10,SM21 SM22 SM23 SM24 SM25
70,2024 SkyBox Metal Universe Marvel Avengers,2024 SkyBox Metal Universe Marvel Avengers - Geodes,5667,5,10,G-16 G-17 G-18 G-19 G-20
71,2022 Fleer Ultra Marvel Avengers,2022 Fleer Ultra Marvel Avengers - 2022 Fleer Ultra Marvel Avengers,4331,4,8,101 102 103 104
72,2022 Fleer Ultra Marvel Avengers,2022 Fleer Ultra Marvel Avengers - Greatest Battles Green Foil,4385,4,8,EB-1 EB-11 EB-12 EB-8
73,2022 Upper Deck Allure Marvel Studios,2022 Upper Deck Allure Marvel Studios - Yellow Taxi,4505,4,8,13 28 47 79
74,2023 Upper Deck Marvel Platinum ,2023 Upper Deck Marvel Platinum - Gold Rainbow Autographs,5256,4,8,43 44 57 83
75,2023 Upper Deck Marvel Platinum ,2023 Upper Deck Marvel Platinum - Green Rainbow Autographs,5259,4,8,43 44 57 83
76,2023 Upper Deck Marvel Platinum ,2023 Upper Deck Marvel Platinum - Iconic Covers,5260,4,8,IC01 IC08 IC09 IC18
77,2023 Upper Deck Marvel What If…?,2023 Upper Deck Marvel What If…? - Black Diamond,5486,4,8,BD21 BD38 BD43 BD47
78,2023 Upper Deck Marvel What If…?,2023 Upper Deck Marvel What If…? - Jambalaya,5492,4,8,16 17 18 8
79,2024 Upper Deck Marvel Studios Series 1,2024 Upper Deck Marvel Studios Series 1 - Dazzlers Blue,6153,4,8,DZ-1 DZ-15 DZ-4 DZ-7
80,2024 Upper Deck Marvel Studios Series 1,2024 Upper Deck Marvel Studios Series 1 - Dazzlers Green,6154,4,8,DZ-1 DZ-15 DZ-4 DZ-7
81,2024 Upper Deck Marvel Studios Series 1,2024 Upper Deck Marvel Studios Series 1 - Dazzlers Pink,6155,4,8,DZ-1 DZ-15 DZ-4 DZ-7
82,2024 Upper Deck Marvel Studios Series 1,2024 Upper Deck Marvel Studios Series 1 - UD Portraits,6184,4,8,P1 P12 P14 P8
83,2024 Upper Deck Marvel Studios Series 1,2024 Upper Deck Marvel Studios Series 1 - UD Portraits Gold,6185,4,8,P1 P12 P14 P8
84,2021-22 Upper Deck Marvel Annual,2021-22 Upper Deck Marvel Annual - Canvas Variant,4306,3,6,24 32 70
85,2021-22 Upper Deck Marvel Annual,2021-22 Upper Deck Marvel Annual - Gold Linearity,4310,3,6,24 32 70
86,2021-22 Upper Deck Marvel Annual,2021-22 Upper Deck Marvel Annual - Hologram,4312,3,6,24 32 70
87,2021-22 Upper Deck Marvel Annual,2021-22 Upper Deck Marvel Annual - Silver Sparkle,4324,3,6,24 32 70
88,2022 Fleer Ultra Marvel Avengers,2022 Fleer Ultra Marvel Avengers - 3x3 Puzzle,4343,3,6,3 6 9
89,2022 Upper Deck Allure Marvel Studios,2022 Upper Deck Allure Marvel Studios - Black Rainbow,4451,3,6,28 47 79
90,2022 Upper Deck Allure Marvel Studios,2022 Upper Deck Allure Marvel Studios - Red Prism,4488,3,6,28 47 79
91,2023 Upper Deck Marvel Anime Vol. 2,2023 Upper Deck Marvel Anime Vol. 2 - Base Autographs,4997,3,6,27 34 73
92,2023 Upper Deck Marvel Platinum ,2023 Upper Deck Marvel Platinum - Iconic Covers Rainbow,5262,3,6,IC08 IC09 IC18
93,2023 Upper Deck Marvel Platinum ,2023 Upper Deck Marvel Platinum - Platinum Duos,5266,3,6,PD17 PD25 PD3
94,2023 Upper Deck Marvel Platinum ,2023 Upper Deck Marvel Platinum - Platinum Duos Rainbow,5268,3,6,PD17 PD25 PD3
95,2023 Upper Deck Marvel Platinum ,2023 Upper Deck Marvel Platinum - Teal Wave,5285,3,6,149 175 83
96,(unassigned),marvel 2023 eternals,1617,2,14,1 11
97,1990 Impel Marvel Universe,1990 Impel Marvel Universe - 1990 Impel Marvel Universe,2614,2,4,39 4
98,1994 Flair Marvel Annual,1994 Flair Marvel Annual - Flair Marvel Universe PowerBlast,2280,2,4,2 6
99,1995 Flair Marvel Annual,1995 Flair Marvel Annual - 1995 Flair Marvel Annual,2687,2,4,1 10
100,1995 Flair Marvel Annual,1995 Flair Marvel Annual - HoloBlast,2691,2,4,10 3
101,1995 Ultra X-Men Chromium,1995 Ultra X-Men Chromium - Gold Signature,7302,2,4,18 62
102,2018 Upper Deck Marvel Masterpieces,2018 Upper Deck Marvel Masterpieces - Purple Foil,3790,2,4,55 56
103,2021 SkyBox Metal Universe Marvel X-Men,2021 SkyBox Metal Universe Marvel X-Men - Palladium,4217,2,4,33 41
104,2021-22 Upper Deck Marvel Annual,2021-22 Upper Deck Marvel Annual - Blue,4305,2,4,24 70
105,2021-22 Upper Deck Marvel Annual,2021-22 Upper Deck Marvel Annual - Crystal Clear,4309,2,4,24 70
106,2021-22 Upper Deck Marvel Annual,2021-22 Upper Deck Marvel Annual - Number 1 Spot,4315,2,4,N1S-18 N1S-5
107,2021-22 Upper Deck Marvel Annual,2021-22 Upper Deck Marvel Annual - Purple Diamond,4322,2,4,24 70
108,2022 SkyBox Marvel Masterpieces,2022 SkyBox Marvel Masterpieces - Preliminary Art,4441,2,4,AP-20 AP-21
109,2022 SkyBox Marvel Masterpieces,2022 SkyBox Marvel Masterpieces - Preserved In Amber Orange,4443,2,4,PA-20 PA-21
110,2022 Upper Deck Allure Marvel Studios,2022 Upper Deck Allure Marvel Studios - Orange Slice Die Cut,4481,2,4,47 79
111,"2022 Upper Deck Marvel Beginnings Volume 2, Series 1","2022 Upper Deck Marvel Beginnings Volume 2, Series 1 - Base",7133,2,4,21 76
112,2023 Fleer Ultra Marvel Wolverine,2023 Fleer Ultra Marvel Wolverine - Greatest Battles,4795,2,4,GB-14 GB-16
113,2023 Fleer Ultra Marvel Wolverine,2023 Fleer Ultra Marvel Wolverine - Greatest Battles Blue Foil,4796,2,4,GB-14 GB-16
114,2023 Upper Deck Marvel Platinum ,2023 Upper Deck Marvel Platinum - Creator Art Variant Auto Orange Rainbow,5246,2,4,44 57
115,2023 Upper Deck Marvel What If…?,2023 Upper Deck Marvel What If…? - 1990 Marvel Universe,2559,2,4,25 47
116,2023 Upper Deck Marvel What If…?,2023 Upper Deck Marvel What If…? - 1990 Marvel Universe Dimensions,2560,2,4,25 47
117,2023 Upper Deck Marvel What If…?,2023 Upper Deck Marvel What If…? - 1990 Marvel Universe Dimensions Orange,2562,2,4,25 47
118,2023 Upper Deck Marvel What If…?,2023 Upper Deck Marvel What If…? - 1990 Marvel Universe Dimensions Purple,2563,2,4,25 47
119,2023 Upper Deck Marvel What If…?,2023 Upper Deck Marvel What If…? - Acetate Originals,5485,2,4,A4 A9
120,2023 Upper Deck Marvel What If…?,2023 Upper Deck Marvel What If…? - Black Diamond Red Foil,6853,2,4,BD21 BD47
121,2023 Upper Deck Marvel What If…?,2023 Upper Deck Marvel What If…? - Flagship,5489,2,4,25 47
122,2023 Upper Deck Marvel What If…?,2023 Upper Deck Marvel What If…? - Flagship High Gloss,6860,2,4,25 47
123,2023 Upper Deck Marvel What If…?,2023 Upper Deck Marvel What If…? - Possibilities,5496,2,4,25 47
124,2023 Upper Deck Marvel What If…?,2023 Upper Deck Marvel What If…? - Possibilities Red,5499,2,4,25 47
125,2024 Upper Deck Marvel Studios Series 1,2024 Upper Deck Marvel Studios Series 1 - Exclusives,6156,2,4,39 47
126,2024 Upper Deck Marvel Studios Series 1,2024 Upper Deck Marvel Studios Series 1 - High Gloss,6162,2,4,39 47
127,2024 Upper Deck Marvel Studios Series 1,2024 Upper Deck Marvel Studios Series 1 - HoloGrFx,6163,2,4,HG-1 HG-8
128,2024 Upper Deck Marvel Studios Series 1,2024 Upper Deck Marvel Studios Series 1 - HoloGrFx Gold,6164,2,4,HG-1 HG-8
129,2024 Upper Deck Marvel Studios Series 1,2024 Upper Deck Marvel Studios Series 1 - HoloGrFx Green,6165,2,4,HG-1 HG-8
130,2024 Upper Deck Marvel Studios Series 1,2024 Upper Deck Marvel Studios Series 1 - HoloGrFx Orange,6166,2,4,HG-1 HG-8
131,Marvel 1992 Comic Images Spider Man,marvel 1992 comic images spider man II,1137,2,4,1 26
132,2023 Upper Deck Marvel Wandavision,2023 Upper Deck Marvel Wandavision - 2023 Upper Deck Marvel Wandavision,5421,1,10,1
133,marvel 2025 topps finest x men '97,marvel 2025 topps finest x men '97,2120,1,5,1
134,2018 Upper Deck Marvel Avengers Infinity War,2018 Upper Deck Marvel Avengers Infinity War - ePack Achievements,3702,1,4,0
135,2017 Upper Deck Marvel Thor Ragnarok,2017 Upper Deck Marvel Thor Ragnarok - Mini Comics Master Achievements,3649,1,3,0
136,2018 Fleer Ultra X-Men,2018 Fleer Ultra X-Men - Achievements,7343,1,3,0
137,2023 Upper Deck Marvel Allegiance: The Infinity Trilogy,2023 Upper Deck Marvel Allegiance: The Infinity Trilogy - 2023 Upper Deck Marvel Allegiance: The Infinity Trilogy,4930,1,3,1
138,2024 Upper Deck Marvel Masterpieces '92 Platinum,2024 Upper Deck Marvel Masterpieces '92 Platinum - 2024 Upper Deck Marvel Masterpieces '92 Platinum,6004,1,3,1
139,2024 Upper Deck Marvel Studios Series 1,2024 Upper Deck Marvel Studios Series 1 - 2024 Upper Deck Marvel Studios Series 1,6147,1,3,1
140,2024 Upper Deck Women of Marvel,2024 Upper Deck Women of Marvel - 2024 Upper Deck Women of Marvel,6254,1,3,1
141,1990 Impel Marvel Universe,1990 Impel Marvel Universe - Holograms,2616,1,2,MH5
142,1991 Impel Marvel Universe II,1991 Impel Marvel Universe II - Holograms,2623,1,2,H-5
143,1992 SkyBox Marvel Masterpieces,1992 SkyBox Marvel Masterpieces - Joe Jusko Signed Parallel,2642,1,2,100
144,1994 Flair Marvel Annual,1994 Flair Marvel Annual - 1994 Flair Marvel Annual,2661,1,2,8
145,1994 Fleer Marvel Masterpieces Hildebrandt Brothers,1994 Fleer Marvel Masterpieces Hildebrandt Brothers - Base,6973,1,2,138
146,1994 Fleer Marvel Masterpieces Hildebrandt Brothers,1994 Fleer Marvel Masterpieces Hildebrandt Brothers - PowerBlast,2668,1,2,1
147,1994 Ultra X-Men,1994 Ultra X-Men - X-Men's Greatest Battles,7291,1,2,1
148,1995 Fleer Ultra Spider-Man,1995 Fleer Ultra Spider-Man,1213,1,2,9
149,1995 Fleer Ultra Spider-Man,1995 Fleer Ultra Spider-Man - ClearChrome,11949,1,2,8
150,1995 Fleer Ultra Spider-Man,1995 Fleer Ultra Spider-Man - HoloBlast,11952,1,2,5
151,1997 Ultra Spider-Man,1997 Ultra Spider-Man - 1997 Ultra Spider-Man,12186,1,2,81
152,1997 Ultra Spider-Man,1997 Ultra Spider-Man - Blue Foil,11959,1,2,81
153,2000 Topps X-Men The Movie,2000 Topps X-Men The Movie - 2000 Topps X-Men The Movie,12176,1,2,1
154,2000 Topps X-Men The Movie,2000 Topps X-Men The Movie - Chrome,7313,1,2,1
155,2001 Topps Marvel Legends,2001 Topps Marvel Legends - Foil,2789,1,2,72
156,2008 Upper Deck Marvel Masterpieces Set 2,2008 Upper Deck Marvel Masterpieces Set 2 - Fantastic Four Movie Memorabilia,2836,1,2,FF1
157,2008 Upper Deck Marvel Masterpieces Set 2,2008 Upper Deck Marvel Masterpieces Set 2 - Hulk Die Cut,2837,1,2,A
158,2009 Rittenhouse Spider-Man Archives,2009 Rittenhouse Spider-Man Archives - 2009 Rittenhouse Spider-Man Archives,12185,1,2,72
159,2009 Rittenhouse Spider-Man Archives,2009 Rittenhouse Spider-Man Archives - Foil,11993,1,2,72
160,2009 Rittenhouse Spider-Man Archives,2009 Rittenhouse Spider-Man Archives - Promos,11994,1,2,1
161,2012 Rittenhouse Marvel Greatest Heroes,2012 Rittenhouse Marvel Greatest Heroes - 2012 Rittenhouse Marvel Greatest Heroes,2915,1,2,1
162,2012 Rittenhouse Marvel Greatest Heroes,2012 Rittenhouse Marvel Greatest Heroes - HoloFoil,2918,1,2,1
163,2013 Fleer Retro Marvel,2013 Fleer Retro Marvel - Base Autograph Parallel,2963,1,2,22
164,2015 Fleer Retro Marvel,2015 Fleer Retro Marvel - 1994 Flair Origins,3107,1,2,15
165,2015 Fleer Retro Marvel,2015 Fleer Retro Marvel - 1995 Flair Marvel Metal Blaster Precious Metal Gems Red,2326,1,2,31
166,2016 Upper Deck Marvel Masterpieces,2016 Upper Deck Marvel Masterpieces - 2016 Upper Deck Marvel Masterpieces,3380,1,2,16
167,2017 Fleer Ultra Marvel Spider-Man,2017 Fleer Ultra Marvel Spider-Man - EX Century,3424,1,2,EX32
168,2017 Fleer Ultra Marvel Spider-Man,2017 Fleer Ultra Marvel Spider-Man - EX Century Now,3425,1,2,EX32
169,2017 Fleer Ultra Marvel Spider-Man,2017 Fleer Ultra Marvel Spider-Man - EX Century Then,3426,1,2,EX32
170,2017 Fleer Ultra Marvel Spider-Man,2017 Fleer Ultra Marvel Spider-Man - Jambalaya,3429,1,2,8
171,2017 Fleer Ultra Marvel Spider-Man,2017 Fleer Ultra Marvel Spider-Man - Marvel Metal,2331,1,2,MM25
172,2017 Fleer Ultra Marvel Spider-Man,2017 Fleer Ultra Marvel Spider-Man - Marvel Metal Patterned Foil,2333,1,2,MM25
173,2017 Fleer Ultra Marvel Spider-Man,2017 Fleer Ultra Marvel Spider-Man - Marvel Metal Precious Metal Gems Blue,2334,1,2,MM25
174,2017 Fleer Ultra Marvel Spider-Man,2017 Fleer Ultra Marvel Spider-Man - Marvel Metal Precious Metal Gems Bronze,2335,1,2,MM25
175,2017 Fleer Ultra Marvel Spider-Man,2017 Fleer Ultra Marvel Spider-Man - Marvel Metal Precious Metal Gems Green,2337,1,2,MM25
176,2017 Fleer Ultra Marvel Spider-Man,2017 Fleer Ultra Marvel Spider-Man - Marvel Metal Precious Metal Gems Purple,2338,1,2,MM25
177,2017 Fleer Ultra Marvel Spider-Man,2017 Fleer Ultra Marvel Spider-Man - Marvel Metal Precious Metal Gems Red,2339,1,2,MM25
178,2017 Upper Deck Marvel Annual,2017 Upper Deck Marvel Annual - Color Wheel Foil,3483,1,2,0
179,2018 Upper Deck Marvel Masterpieces,2018 Upper Deck Marvel Masterpieces - Orange Foil,3783,1,2,56
180,2020 SkyBox Marvel Masterpieces,2020 SkyBox Marvel Masterpieces - Epic Purple,4034,1,2,86
181,2021 SkyBox Metal Universe Marvel Spider-Man,2021 SkyBox Metal Universe Marvel Spider-Man - 2021 SkyBox Metal Universe Marvel Spider-Man,4174,1,2,176
182,2021 SkyBox Metal Universe Marvel Spider-Man,2021 SkyBox Metal Universe Marvel Spider-Man - Grandiose,4182,1,2,76
183,2021 SkyBox Metal Universe Marvel Spider-Man,2021 SkyBox Metal Universe Marvel Spider-Man - Orange Light FX,4184,1,2,76
184,2021 SkyBox Metal Universe Marvel Spider-Man,2021 SkyBox Metal Universe Marvel Spider-Man - Pink Light FX,4186,1,2,76
185,2021 SkyBox Metal Universe Marvel Spider-Man,2021 SkyBox Metal Universe Marvel Spider-Man - Precious Metal Gems Green,4192,1,2,76
186,2021 SkyBox Metal Universe Marvel Spider-Man,2021 SkyBox Metal Universe Marvel Spider-Man - Purple Light FX,4194,1,2,76
187,2021 SkyBox Metal Universe Marvel Spider-Man,2021 SkyBox Metal Universe Marvel Spider-Man - Turquoise Light FX,4199,1,2,76
188,2021-22 Upper Deck Marvel Annual,2021-22 Upper Deck Marvel Annual - 2021-22 Upper Deck Marvel Annual,4287,1,2,1
189,2021-22 Upper Deck Marvel Annual,2021-22 Upper Deck Marvel Annual - Suspended Animation,4328,1,2,13
190,2022 Fleer Ultra Marvel Avengers,2022 Fleer Ultra Marvel Avengers - 1st Appearances,4332,1,2,FA-3
191,2022 Fleer Ultra Marvel Avengers,2022 Fleer Ultra Marvel Avengers - 1st Appearances Green Foil,4336,1,2,FA-3
192,2022 Fleer Ultra Marvel Avengers,2022 Fleer Ultra Marvel Avengers - 1st Appearances Orange Foil,4337,1,2,FA-3
193,2022 Fleer Ultra Marvel Avengers,2022 Fleer Ultra Marvel Avengers - 1st Appearances Red Foil,4342,1,2,FA-3
194,2022 Fleer Ultra Marvel Avengers,2022 Fleer Ultra Marvel Avengers - Artist Spotlight Orange Foil,4352,1,2,AS-8
195,2022 Fleer Ultra Marvel Avengers,2022 Fleer Ultra Marvel Avengers - Checkmate,4360,1,2,CP-24
196,2022 Fleer Ultra Marvel Avengers,2022 Fleer Ultra Marvel Avengers - Earth's Mightiest Spin-Offs,4368,1,2,SO-10
197,2022 Fleer Ultra Marvel Avengers,2022 Fleer Ultra Marvel Avengers - Earth's Mightiest Spin-Offs Blue Foil,4369,1,2,SO-10
198,2022 Fleer Ultra Marvel Avengers,2022 Fleer Ultra Marvel Avengers - Earth's Mightiest Spin-Offs Burgundy Foil,4370,1,2,SO-10
199,2022 Fleer Ultra Marvel Avengers,2022 Fleer Ultra Marvel Avengers - Earth's Mightiest Spin-Offs Gold Spectrum Foil,4371,1,2,SO-10
200,2022 Fleer Ultra Marvel Avengers,2022 Fleer Ultra Marvel Avengers - Earth's Mightiest Spin-Offs Green Foil,4372,1,2,SO-10
201,2022 Fleer Ultra Marvel Avengers,2022 Fleer Ultra Marvel Avengers - Earth's Mightiest Spin-Offs Orange Foil,4373,1,2,SO-10
202,2022 Fleer Ultra Marvel Avengers,2022 Fleer Ultra Marvel Avengers - Earth's Mightiest Spin-Offs Red Foil,4378,1,2,SO-10
203,2022 Fleer Ultra Marvel Avengers,2022 Fleer Ultra Marvel Avengers - Medallions,4394,1,2,M-35
204,2022 Fleer Ultra Marvel Avengers,2022 Fleer Ultra Marvel Avengers - Medallions Amethyst,4395,1,2,M-35
205,2022 Fleer Ultra Marvel Avengers,2022 Fleer Ultra Marvel Avengers - Medallions Black Opal,4396,1,2,M-35
206,2022 Fleer Ultra Marvel Avengers,2022 Fleer Ultra Marvel Avengers - Medallions Emerald Green,4397,1,2,M-35
207,2022 Fleer Ultra Marvel Avengers,2022 Fleer Ultra Marvel Avengers - Medallions Gold,4398,1,2,M-35
208,2022 Fleer Ultra Marvel Avengers,2022 Fleer Ultra Marvel Avengers - Medallions Platinum,4399,1,2,M-35
209,2022 Fleer Ultra Marvel Avengers,2022 Fleer Ultra Marvel Avengers - Medallions Ruby Red,4400,1,2,M-35
210,2022 Fleer Ultra Marvel Avengers,2022 Fleer Ultra Marvel Avengers - Medallions Sappire Blue,4401,1,2,M-35
211,2022 Fleer Ultra Marvel Avengers,2022 Fleer Ultra Marvel Avengers - Ultra Stars,4413,1,2,US30
212,"2022 Upper Deck Marvel Beginnings Volume 2, Series 1","2022 Upper Deck Marvel Beginnings Volume 2, Series 1 - Red Border",7167,1,2,20
213,2022-23 Upper Deck Marvel Annual,2022-23 Upper Deck Marvel Annual - Number 1 Spot,4557,1,2,N1S-17
214,2022-23 Upper Deck Marvel Annual,2022-23 Upper Deck Marvel Annual - Top Teams,4588,1,2,TT-6
215,2023 Fleer Ultra Marvel Wolverine,2023 Fleer Ultra Marvel Wolverine - 2023 Fleer Ultra Marvel Wolverine,4766,1,2,1
216,2023 Fleer Ultra Marvel Wolverine,2023 Fleer Ultra Marvel Wolverine - Aliases,4770,1,2,A-9
217,2023 Fleer Ultra Marvel Wolverine,2023 Fleer Ultra Marvel Wolverine - Aliases Blue Foil,4771,1,2,A-9
218,2023 Fleer Ultra Marvel Wolverine,2023 Fleer Ultra Marvel Wolverine - Aliases Gold Spectrum Foil,4772,1,2,A-9
219,2023 Fleer Ultra Marvel Wolverine,2023 Fleer Ultra Marvel Wolverine - Aliases Green Foil,4773,1,2,A-9
220,2023 Fleer Ultra Marvel Wolverine,2023 Fleer Ultra Marvel Wolverine - Aliases Orange Foil,4774,1,2,A-9
221,2023 Fleer Ultra Marvel Wolverine,2023 Fleer Ultra Marvel Wolverine - Aliases Yellow Foil,4779,1,2,A-9
222,2023 Fleer Ultra Marvel Wolverine,2023 Fleer Ultra Marvel Wolverine - Animation Cel,4780,1,2,10
223,2023 Fleer Ultra Marvel Wolverine,2023 Fleer Ultra Marvel Wolverine - Blue Foil,4783,1,2,10
224,2023 Fleer Ultra Marvel Wolverine,2023 Fleer Ultra Marvel Wolverine - Comic Cuts,4786,1,2,CC-XM141
225,2023 Fleer Ultra Marvel Wolverine,2023 Fleer Ultra Marvel Wolverine - Gold Spectrum Foil,4794,1,2,10
226,2023 Fleer Ultra Marvel Wolverine,2023 Fleer Ultra Marvel Wolverine - Greatest Battles Gold Spectrum Foil,4797,1,2,GB-16
227,2023 Fleer Ultra Marvel Wolverine,2023 Fleer Ultra Marvel Wolverine - Greatest Battles Green Foil,4798,1,2,GB-16
228,2023 Fleer Ultra Marvel Wolverine,2023 Fleer Ultra Marvel Wolverine - Greatest Battles Orange Foil,4799,1,2,GB-16
229,2023 Fleer Ultra Marvel Wolverine,2023 Fleer Ultra Marvel Wolverine - Greatest Battles Yellow Foil,4801,1,2,GB-16
230,2023 Fleer Ultra Marvel Wolverine,2023 Fleer Ultra Marvel Wolverine - Green Foil,4802,1,2,10
231,2023 Fleer Ultra Marvel Wolverine,2023 Fleer Ultra Marvel Wolverine - Orange Foil,4813,1,2,10
232,2023 Fleer Ultra Marvel Wolverine,2023 Fleer Ultra Marvel Wolverine - Yellow Foil,4838,1,2,10
233,2023 Fleer Ultra Marvel Wolverine,2023 Fleer Ultra Marvel Wolverine - eX Century,4789,1,2,EX10
234,2023 Fleer Ultra Marvel Wolverine,2023 Fleer Ultra Marvel Wolverine - eX Century Essential Credentials Future,4790,1,2,EX10
235,2023 Fleer Ultra Marvel Wolverine,2023 Fleer Ultra Marvel Wolverine - eX Century Essential Credentials Now,4791,1,2,EX10
236,2023 Upper Deck Marvel Anime Vol. 2,2023 Upper Deck Marvel Anime Vol. 2 - Kodomomuke,5013,1,2,K-22
237,2023 Upper Deck Marvel Platinum ,2023 Upper Deck Marvel Platinum  - 2023 Upper Deck Marvel Platinum ,12160,1,2,83
238,2023 Upper Deck Marvel Platinum ,2023 Upper Deck Marvel Platinum - Amber Crystals,5226,1,2,83
239,2023 Upper Deck Marvel Platinum ,2023 Upper Deck Marvel Platinum - Black Rainbow,5227,1,2,83
240,2023 Upper Deck Marvel Platinum ,2023 Upper Deck Marvel Platinum - Blue Surge,5230,1,2,83
241,2023 Upper Deck Marvel Platinum ,2023 Upper Deck Marvel Platinum - Blue Traxx,5231,1,2,83
242,2023 Upper Deck Marvel Platinum ,2023 Upper Deck Marvel Platinum - Cosmic,5232,1,2,83
243,2023 Upper Deck Marvel Platinum ,2023 Upper Deck Marvel Platinum - Cover Variant Purple Pixel,5241,1,2,WI3
244,2023 Upper Deck Marvel Platinum ,2023 Upper Deck Marvel Platinum - Golden Treasures,5257,1,2,83
245,2023 Upper Deck Marvel Platinum ,2023 Upper Deck Marvel Platinum - Green Crackle,5258,1,2,83
246,2023 Upper Deck Marvel Platinum ,2023 Upper Deck Marvel Platinum - Orange Checkers,5263,1,2,83
247,2023 Upper Deck Marvel Platinum ,2023 Upper Deck Marvel Platinum - Pink Pulsar,5265,1,2,99
248,2023 Upper Deck Marvel Platinum ,2023 Upper Deck Marvel Platinum - Purple Pixels,5273,1,2,83
249,2023 Upper Deck Marvel Platinum ,2023 Upper Deck Marvel Platinum - Purple Rainbow,5274,1,2,83
250,2023 Upper Deck Marvel Platinum ,2023 Upper Deck Marvel Platinum - Rainbow,5275,1,2,83
251,2023 Upper Deck Marvel Platinum ,2023 Upper Deck Marvel Platinum - Rainbow Color Wheel,5276,1,2,83
252,2023 Upper Deck Marvel Platinum ,2023 Upper Deck Marvel Platinum - Red Prism,5278,1,2,83
253,2023 Upper Deck Marvel Platinum ,2023 Upper Deck Marvel Platinum - Red Rainbow,5279,1,2,83
254,2023 Upper Deck Marvel Platinum ,2023 Upper Deck Marvel Platinum - Seismic Gold,5281,1,2,83
255,2023 Upper Deck Marvel Platinum ,2023 Upper Deck Marvel Platinum - Yellow Rainbow,5289,1,2,83
256,2023 Upper Deck Marvel Platinum ,2023 Upper Deck Marvel Platinum - Yellow Spotlight,5290,1,2,83
257,2023 Upper Deck Marvel Wandavision,2023 Upper Deck Marvel Wandavision - Black and White,5436,1,2,31
258,2023 Upper Deck Marvel Wandavision,2023 Upper Deck Marvel Wandavision - Gold,5437,1,2,31
259,2023 Upper Deck Marvel Wandavision,2023 Upper Deck Marvel Wandavision - Green Vision,5438,1,2,31
260,2023 Upper Deck Marvel Wandavision,2023 Upper Deck Marvel Wandavision - Mind Stone Yellow,5439,1,2,31
261,2023 Upper Deck Marvel Wandavision,2023 Upper Deck Marvel Wandavision - Scarlet Red,5457,1,2,31
262,2023 Upper Deck Marvel Wandavision,2023 Upper Deck Marvel Wandavision - White Vision,5483,1,2,31
263,2023 Upper Deck Marvel What If…?,2023 Upper Deck Marvel What If…? - 2023 Upper Deck Marvel What If…?,5484,1,2,1
264,2023 Upper Deck Marvel What If…?,2023 Upper Deck Marvel What If…? - Frozen in Time,6865,1,2,C8
265,2023 Upper Deck Marvel What If…?,2023 Upper Deck Marvel What If…? - Frozen in Time Cosmic,6866,1,2,C8
266,2023 Upper Deck Marvel What If…?,2023 Upper Deck Marvel What If…? - Frozen in Time Cosmic Black Hole,6867,1,2,C8
267,2023 Upper Deck Marvel What If…?,2023 Upper Deck Marvel What If…? - Holographics,5491,1,2,UH4
268,2023 Upper Deck Marvel What If…?,2023 Upper Deck Marvel What If…? - Medallion,5493,1,2,M17
269,2023 Upper Deck Marvel What If…?,2023 Upper Deck Marvel What If…? - Medallion Platinum,5494,1,2,M17
270,2023 Upper Deck Marvel What If…?,2023 Upper Deck Marvel What If…? - Medallion Violet,5495,1,2,M17
271,2023-24 Upper Deck Marvel Annual,2023-24 Upper Deck Marvel Annual - 2023-24 Upper Deck Marvel Annual,5502,1,2,1
272,2024 Topps Chrome Marvel,2024 Topps Chrome Marvel - 2024 Topps Chrome Marvel,5707,1,2,1
273,2024 Topps Chrome Marvel,2024 Topps Chrome Marvel - Avengers Infinity Black Wave Refractor,5708,1,2,AI-3
274,2024 Topps Chrome Marvel,2024 Topps Chrome Marvel - Avengers Infinity Red Refractor,5709,1,2,AI-3
275,2024 Topps Chrome Marvel,2024 Topps Chrome Marvel - Avengers Infinity SuperFractor,5710,1,2,AI-3
276,2024 Topps Chrome Marvel,2024 Topps Chrome Marvel - Daredevil 60th Anniversary,5713,1,2,DD-5
277,2024 Topps Chrome Marvel,2024 Topps Chrome Marvel - Spider-man Gold,5736,1,2,SG-9
278,2024 Topps Chrome Marvel,2024 Topps Chrome Marvel - Spider-man Gold Black Wave Refractor,5737,1,2,SG-9
279,2024 Topps Chrome Marvel,2024 Topps Chrome Marvel - Spider-man Gold Gold Refractor,5738,1,2,SG-9
280,2024 Topps Chrome Marvel,2024 Topps Chrome Marvel - Spider-man Gold Orange Refractor,5739,1,2,SG-9
281,2024 Topps Chrome Marvel,2024 Topps Chrome Marvel - Spider-man Gold Red Refractor,5740,1,2,SG-9
282,2024 Topps Chrome Marvel,2024 Topps Chrome Marvel - Spider-man Gold SuperFractor,5741,1,2,SG-9
283,2024 Upper Deck Marvel Spider-Man,2024 Upper Deck Marvel Spider-Man - 2024 Upper Deck Marvel Spider-Man,6107,1,2,1
284,Marvel 1995 Ultra Spider Man ,marvel 1995 ultra spider man premier Gold Foil Signature,1222,1,2,101
285,Marvel 1996 Fleer Amalgam ,1996 Fleer Marvel Amalgam,1236,1,2,0
286,Marvel 1996 Fleer Amalgam ,Marvel 1996 Fleer Amalgam  - Marvel 1996 Fleer Amalgam ,12168,1,2,0