rank,main_set,subset,set_id,pair_count,sample_pairs
1,2025 Topps Chrome Marvel Studios,2025 Topps Chrome Marvel Studios - Sketch Artists,6644,321,"#1: id80626:""Gabriel Tardivo"" vs id80965:""Gabriel Tardivo [Silver]"" || #1: id80704:""Greg Treize [Silver]"" vs id80710:""Greg Treize"""
2,2020-21 Upper Deck Marvel Annual,2020-21 Upper Deck Marvel Annual - Base Variant Cover Set,4135,100,"#1: id26845:""Captain America"" vs id217578:""Captain AmericaT4"" || #10: id26846:""Cable"" vs id217587:""CableT1"""
3,2022 Fleer Ultra Marvel Avengers,2022 Fleer Ultra Marvel Avengers - Comic Clippings,4363,100,"#CC-AA10: id36700:""Avengers Annual"" vs id226021:""Avengers Annual (1967) #10"" || #CC-AVG1: id36701:""Avengers"" vs id225946:""Avengers (1963) #1"""
4,2022 Fleer Ultra Marvel Avengers,2022 Fleer Ultra Marvel Avengers - Comic Covers,4367,100,"#A-1: id36800:""Avengers"" vs id226146:""Avengers (1963) #1"" || #A-100: id36801:""Avengers"" vs id226234:""Avengers (1963) #100"""
5,2024 Upper Deck Marvel Masterpieces '92 Platinum,2024 Upper Deck Marvel Masterpieces '92 Platinum - Lenticular,6031,100,"#1: id56499:""Blob"" vs id306416:""BlobLEN"" || #10: id56500:""Adam Warlock"" vs id306425:""Adam WarlockLEN"""
6,2021 SkyBox Metal Universe Marvel Spider-Man,2021 SkyBox Metal Universe Marvel Spider-Man - Precious Metal Gems Red,4193,99,"#1: id34493:""Agent Venom"" vs id220562:""Agent VenomPR90,"" || #10: id34494:""Black Cat"" vs id220571:""Black CatPR90,"""
7,2023-24 Upper Deck Marvel Annual,2023-24 Upper Deck Marvel Annual - Crystal Clear,5508,98,"#1: id47046:""Abigail Brand"" vs id285592:""Abigail BrandPR25"" || #10: id47047:""Chasm"" vs id285601:""ChasmPR25"""
8,2021 SkyBox Metal Universe Marvel Spider-Man,2021 SkyBox Metal Universe Marvel Spider-Man - Comic Cuts Clippings,4178,97,"#CC-ASM1: id32837:""Amazing Spider-Man"" vs id219686:""Amazing Spider-Man #1"" || #CC-ASM100: id32838:""Amazing Spider-Man"" vs id219737:""Amazing Spider-Man #100"""
9,marvel 2025 topps finest x men '97,marvel 2025 topps finest x men '97,2120,67,"#1: id69954:""Professor X"" vs id81594:""Professor X [Laser Refractor]"" || #1: id69954:""Professor X"" vs id81453:""Professor X [Gold Refractor]"""
10,2023 Fleer Ultra Marvel Wolverine,2023 Fleer Ultra Marvel Wolverine - Comic Cuts,4786,63,"#CC-CAA8: id41842:""Captain America Annual"" vs id244283:""Captain America Annual (1971) #8"" || #CC-DOW2: id41843:""Death of Wolverine"" vs id244284:""Death of Wolverine (2014) #2"""
11,2024 Upper Deck Marvel Studios Series 1,2024 Upper Deck Marvel Studios Series 1 - 2024 Upper Deck Marvel Studios Series 1,6147,51,"#100: id68195:""Chris Pratt as Star-Lord"" vs id80209:""Chris Pratt as Star-Lord [Printing Plate]"" || #101: id77359:""Elizabeth Olsen as Scarlet Witch"" vs id80204:""Elizabeth Olsen as Scarlet Witch [Printing Plate]"""
12,2022 Fleer Ultra Marvel Avengers,2022 Fleer Ultra Marvel Avengers - Marvel Value Stamps Relics,2381,50,"#VS-1: id38258:""Ant-Man"" vs id180727:""Ant-ManMEM,"" || #VS-10: id38259:""Daredevil"" vs id180736:""DaredevilMEM,"""
13,2023 Upper Deck Marvel What If…?,2023 Upper Deck Marvel What If…? - Black Diamond Cosmic Stone Relics,6852,47,"#BD1: id54318:""T'Challa Star-Lord"" vs id335384:""T'Challa Star-Lord GEM,"" || #BD10: id54319:""Post-Apocalyptic Black Widow"" vs id335393:""Post-Apocalyptic Black Widow GEM,"""
14,2023 Upper Deck Marvel What If…?,2023 Upper Deck Marvel What If…? - Black Diamond Stone Relics,6858,47,"#BD1: id54416:""T'Challa Star-Lord"" vs id335684:""T'Challa Star-Lord GEM,"" || #BD10: id54417:""Post-Apocalyptic Black Widow"" vs id335693:""Post-Apocalyptic Black Widow GEM,"""
15,Marvel 1995 Fleer Overpower ,1995 Fleer Marvel Overpower,1201,43,"#0: id18906:""Spider-Woman"" vs id18914:""Spider-Woman: Web Lines"" || #0: id19037:""Venom: Creepy Crawler"" vs id19100:""Venom"""
16,Marvel 1995 Fleer Overpower ,Marvel 1995 Fleer Overpower  - Marvel 1995 Fleer Overpower ,12167,43,"#0: id529594:""Bishop"" vs id529595:""Bishop: Absorb Energy"" || #0: id529594:""Bishop"" vs id529869:""Bishop: Draw Enemy Fire"""
17,Marvel 2025 Topps Chrome,Marvel 2025 Topps Chrome,2206,42,"#1: id78380:""Iron Man"" vs id78454:""Iron Man [Web]"" || #1: id78380:""Iron Man"" vs id78425:""Iron Man [Orange Lava]"""
18,2023 Fleer Ultra Marvel Wolverine,2023 Fleer Ultra Marvel Wolverine - Claw Cut Covers,4785,36,"#CCC-1: id41806:""Alpha Flight"" vs id244247:""Alpha Flight (1983) #17"" || #CCC-10: id41807:""Marvel Comics Presents"" vs id244256:""Marvel Comics Presents (1988) #76"""
19,2023 Upper Deck Marvel Wandavision,2023 Upper Deck Marvel Wandavision - 2023 Upper Deck Marvel Wandavision,5421,35,"#1: id39576:""A Regular Husband and Wife"" vs id76306:""A Regular Husband and Wife [Gold]"" || #1: id39576:""A Regular Husband and Wife"" vs id76399:""A Regular Husband and Wife [Mind Stone Yellow]"""
20,2025 Topps Chrome Marvel Studios,2025 Topps Chrome Marvel Studios - The Snap Variations,6646,33,"#1: id81038:""Iron Man #S-1"" vs id328376:""Iron Man"" || #10: id81136:""Thor #S-10"" vs id328385:""Thor"""
21,2023 Upper Deck Marvel Platinum ,2023 Upper Deck Marvel Platinum - Iconic Covers Rainbow,5262,21,"#IC01: id51822:""Fantastic Four"" vs id278083:""Fantastic Four #1"" || #IC02: id51823:""Giant Size X-Men"" vs id278084:""Giant Size X-Men #1"""
22,2020-21 Upper Deck Marvel Annual,2020-21 Upper Deck Marvel Annual - Splash-ticular 3D,4164,20,"#S1: id26820:""Spider-Woman (2020)"" vs id219468:""Spider-Woman (2020) #1 - Page 3"" || #S10: id26821:""Daredevil (2019)"" vs id219477:""Daredevil (2019) #19 - Page 22"""
23,2021-22 Upper Deck Marvel Annual,2021-22 Upper Deck Marvel Annual - Splash-ticular,4326,20,"#N1S-1: id28114:""Avengers (2018)"" vs id225144:""Avengers (2018) #38 LEN"" || #N1S-10: id28115:""X-Men: The Trial of Magneto (2021)"" vs id225153:""X-Men: The Trial of Magneto (2021) #1 LEN"""
24,2023 Flair Marvel,2023 Flair Marvel - Solar Flair,4678,20,"#SF21: id75548:""Black Bolt"" vs id96216:""Black BoltSP"" || #SF22: id75549:""Black Widow"" vs id96217:""Black WidowSP"""
25,2023 Fleer Ultra Marvel Wolverine,2023 Fleer Ultra Marvel Wolverine - Pop Culture,4814,20,"#PC-21: id43151:""Captain America"" vs id97456:""Captain AmericaSP"" || #PC-22: id43152:""Captain America"" vs id97457:""Captain AmericaSP"""
26,2023 Upper Deck Marvel Platinum ,2023 Upper Deck Marvel Platinum - Iconic Covers,5260,20,"#IC02: id51798:""Giant Size X-Men"" vs id278034:""Giant Size X-Men #1"" || #IC03: id51799:""Avengers"" vs id278035:""Avengers (1963) #57"""
27,2023 Upper Deck Marvel Anime Vol. 2,2023 Upper Deck Marvel Anime Vol. 2 - Hanafuda,5006,19,"#H-32: id46303:""Scarlet Witch"" vs id99911:""Scarlet WitchSP"" || #H-33: id46304:""Winter Soldier"" vs id99912:""Winter SoldierSP"""
28,2024 Upper Deck Marvel Studios Series 1,2024 Upper Deck Marvel Studios Series 1 - UD Canvas,6182,18,"#C13: id69145:""Jeremy Renner as Hawkeye"" vs id315393:""Jeremy Renner as"" || #C36: id69170:""Elizabeth Olsen as Scarlet Witch"" vs id315416:""Elizabeth Olsen as Scarlet Witch DEB"""
29,2024 Upper Deck Marvel Studios Series 1,2024 Upper Deck Marvel Studios Series 1 - UD Canvas Black and White,6183,18,"#C13: id69200:""Jeremy Renner as Hawkeye"" vs id315448:""Jeremy Renner as"" || #C36: id69225:""Elizabeth Olsen as Scarlet Witch"" vs id315471:""Elizabeth Olsen as Scarlet Witch DEB"""
30,2023 Flair Marvel,2023 Flair Marvel - Power Blast,4672,15,"#PB26: id75513:""Rocket Raccoon"" vs id240841:""Rocket RaccoonSP"" || #PB27: id75514:""Ronin"" vs id240842:""RoninSP"""
31,2023 Upper Deck Marvel Anime Vol. 2,2023 Upper Deck Marvel Anime Vol. 2 - Stax,5018,15,"#MS-11a: id46524:""Supernatural"" vs id100015:""Supernatural SP"" || #MS-11b: id46525:""Supernatural"" vs id100016:""Supernatural SP"""
32,2023 Upper Deck Marvel What If…?,2023 Upper Deck Marvel What If…? - The Watcher's Sight Lenticulars,6873,15,"#WS1: id55321:""Black Widow"" vs id336116:""Black WidowLEN"" || #WS10: id55322:""Infinity Ultron"" vs id336125:""Infinity UltronLEN"""
33,2022-23 Upper Deck Marvel Annual,2022-23 Upper Deck Marvel Annual - Multiple Dimensions Lenticulars,4556,13,"#MD1: id39048:""Black Panther"" vs id236736:""Black PantherLEN"" || #MD11: id39050:""Miles Morales"" vs id236746:""Miles MoralesSP, LEN"""
34,2000 Topps X-Men The Movie,2000 Topps X-Men The Movie - Clear Cling,7314,12,"#CL1: id22337:""Cyclops"" vs id337189:""Cyclops (Photo)"" || #CL10: id22338:""Toad"" vs id337198:""Toad (Photo)"""
35,2023 Flair Marvel,2023 Flair Marvel - Acrylic Aether,4651,12,"#AA23: id75476:""Adam Warlock"" vs id95513:""Adam WarlockSP"" || #AA24: id75477:""Captain America"" vs id95514:""Captain AmericaSP"""
36,2020-21 Upper Deck Marvel Annual,2020-21 Upper Deck Marvel Annual - Number 1 Spot,4150,10,"#N1S-1: id26695:""Daredevil (2019)"" vs id92963:""Daredevil (2019) #1"" || #N1S-12: id26698:""Spider-Man (2019)"" vs id92974:""Spider-Man (2019) #1"""
37,2023 Flair Marvel,2023 Flair Marvel - Splintered Facade,4680,10,"#SF-16: id75583:""Magneto"" vs id96251:""MagnetoSP"" || #SF-17: id75584:""Spider-Man"" vs id96252:""Spider-ManSP"""
38,2024 Topps Chrome Marvel,2024 Topps Chrome Marvel - Topps Patrimony Black Wave Refractor,5747,9,"#TP-1: id63656:""Thor 1962"" vs id296784:""Thor"" || #TP-10: id63657:""Wolverine 1974"" vs id296793:""Wolverine"""
39,2024 Topps Chrome Marvel,2024 Topps Chrome Marvel - Topps Patrimony Red Refractor,5748,9,"#TP-1: id63666:""Thor 1962"" vs id296794:""Thor"" || #TP-10: id63667:""Wolverine 1974"" vs id296803:""Wolverine"""
40,2024 Topps Chrome Marvel,2024 Topps Chrome Marvel - Topps Patrimony SuperFractor,5749,9,"#TP-1: id63676:""Thor 1962"" vs id296804:""Thor"" || #TP-10: id63677:""Wolverine 1974"" vs id296813:""Wolverine"""
41,2020 Upper Deck Marvel Ages,2020 Upper Deck Marvel Ages - 2020 Upper Deck Marvel Ages,4062,7,"#19: id76958:""Reptil [Premium Sticker]"" vs id76996:""Reptil"" || #44: id76874:""Winter Soldier [Premium Sticker]"" vs id76876:""Winter Soldier"""
42,2024 SkyBox Metal Universe Marvel Avengers,2024 SkyBox Metal Universe Marvel Avengers - Arc Weld,5660,6,"#AW-26: id11906:""Captain America"" vs id292444:""Captain AmericaSP"" || #AW-27: id11907:""Thor"" vs id292445:""ThorSP"""
43,2024 SkyBox Metal Universe Marvel Avengers,2024 SkyBox Metal Universe Marvel Avengers - Blast Furnace,5661,6,"#BF-26: id11934:""Red Skull"" vs id292472:""Red SkullSP"" || #BF-27: id11935:""Loki"" vs id292473:""LokiSP"""
44,2024 SkyBox Metal Universe Marvel Avengers,2024 SkyBox Metal Universe Marvel Avengers - A Soldier’s Metal,5655,5,"#SM21: id11879:""Thanos"" vs id292217:""ThanosSP"" || #SM22: id11880:""Winter Soldier"" vs id292218:""Winter SoldierSP"""
45,2024 SkyBox Metal Universe Marvel Avengers,2024 SkyBox Metal Universe Marvel Avengers - Geodes,5667,5,"#G-16: id12655:""Black Panther"" vs id292783:""Black PantherSP"" || #G-17: id12656:""Scarlet Witch"" vs id292784:""Scarlet WitchSP"""
46,1994 Ultra X-Men,1994 Ultra X-Men - Team Portrait,7288,4,"#1: id18321:""Storm"" vs id108937:""StormPUZ"" || #5: id18325:""Wolverine"" vs id108941:""WolverinePUZ"""
47,2022 Fleer Ultra Marvel Avengers,2022 Fleer Ultra Marvel Avengers - 3x3 Puzzle,4343,4,"#1: id36229:""Spider-Man"" vs id225395:""Spider-ManPUZ"" || #3: id36232:""Thor"" vs id225397:""ThorPUZ"""
48,2023 Upper Deck Marvel What If…?,2023 Upper Deck Marvel What If…? - Jambalaya,5492,4,"#16: id54882:""Zombie Captain America"" vs id104434:""Zombie Captain America SP"" || #17: id54883:""Zombie Iron Man"" vs id104435:""Zombie Iron Man SP"""
49,2024 Upper Deck Marvel Studios Series 1,2024 Upper Deck Marvel Studios Series 1 - Dazzlers Blue,6153,4,"#DZ-1: id68293:""Oscar Isaac as Moon Knight"" vs id314276:""Oscar Isaac as"" || #DZ-15: id68299:""Jeremy Renner as Hawkeye"" vs id314290:""Jeremy Renner as"""
50,2024 Upper Deck Marvel Studios Series 1,2024 Upper Deck Marvel Studios Series 1 - Dazzlers Green,6154,4,"#DZ-1: id68323:""Oscar Isaac as Moon Knight"" vs id314306:""Oscar Isaac as"" || #DZ-15: id68329:""Jeremy Renner as Hawkeye"" vs id314320:""Jeremy Renner as"""
51,2024 Upper Deck Marvel Studios Series 1,2024 Upper Deck Marvel Studios Series 1 - Dazzlers Pink,6155,4,"#DZ-1: id68353:""Oscar Isaac as Moon Knight"" vs id314336:""Oscar Isaac as"" || #DZ-15: id68359:""Jeremy Renner as Hawkeye"" vs id314350:""Jeremy Renner as"""
52,2024 Upper Deck Marvel Studios Series 1,2024 Upper Deck Marvel Studios Series 1 - UD Portraits,6184,4,"#P1: id69306:""Tatiana Maslany as She-Hulk"" vs id315491:""Tatiana Maslany as"" || #P12: id69309:""Iman Vellani as Ms. Marvel"" vs id315502:""Iman Vellani as"""
53,2024 Upper Deck Marvel Studios Series 1,2024 Upper Deck Marvel Studios Series 1 - UD Portraits Gold,6185,4,"#P1: id69366:""Tatiana Maslany as She-Hulk"" vs id315521:""Tatiana Maslany as"" || #P12: id69369:""Iman Vellani as Ms. Marvel"" vs id315532:""Iman Vellani as"""
54,2023 Fleer Ultra Marvel Wolverine,2023 Fleer Ultra Marvel Wolverine - Aliases,4770,2,"#A-12: id41397:""Prisoner"" vs id243878:""Prisoner #412075"" || #A-3: id41405:""Mutate"" vs id243869:""Mutate #9601"""
55,2023 Upper Deck Marvel What If…?,2023 Upper Deck Marvel What If…? - 1990 Marvel Universe,2559,2,"#25: id54721:""Zombie Captain America26 The Wasp"" vs id182985:""Zombie Captain America"" || #47: id54744:""Gamora"" vs id183007:""Gamora, Daughter of Thanos"""
56,2023 Upper Deck Marvel What If…?,2023 Upper Deck Marvel What If…? - 1990 Marvel Universe Dimensions,2560,2,"#25: id54532:""Zombie Captain America26 The Wasp"" vs id183035:""Zombie Captain America"" || #47: id54555:""Gamora"" vs id183057:""Gamora, Daughter of Thanos"""
57,2023 Upper Deck Marvel What If…?,2023 Upper Deck Marvel What If…? - 1990 Marvel Universe Dimensions Orange,2562,2,"#25: id55041:""Zombie Captain America26 The Wasp"" vs id183135:""Zombie Captain America"" || #47: id55064:""Gamora"" vs id183157:""Gamora, Daughter of Thanos"""
58,2023 Upper Deck Marvel What If…?,2023 Upper Deck Marvel What If…? - 1990 Marvel Universe Dimensions Purple,2563,2,"#25: id55239:""Zombie Captain America26 The Wasp"" vs id183185:""Zombie Captain America"" || #47: id55262:""Gamora"" vs id183207:""Gamora, Daughter of Thanos"""
59,2023 Upper Deck Marvel What If…?,2023 Upper Deck Marvel What If…? - 1990 Marvel Universe Printing Plates Black,2564,2,"#25: id55190:""Zombie Captain America26 The Wasp"" vs id183235:""Zombie Captain America"" || #47: id55213:""Gamora"" vs id183257:""Gamora, Daughter of Thanos"""
60,2023 Upper Deck Marvel What If…?,2023 Upper Deck Marvel What If…? - Acetate Originals,5485,2,"#A4: id54262:""Gamora"" vs id284861:""Gamora, Daughter of Thanos"" || #A9: id54267:""YonduA10 The Watcher"" vs id284866:""Yondu"""
61,2023 Upper Deck Marvel What If…?,2023 Upper Deck Marvel What If…? - Black Diamond,5486,2,"#BD38: id54299:""Gamora"" vs id136116:""Gamora, Daughter of Thanos"" || #BD43: id54305:""Gamora"" vs id136121:""Gamora, Daughter of Thanos"""
62,2023 Upper Deck Marvel What If…?,2023 Upper Deck Marvel What If…? - Flagship,5489,2,"#25: id54581:""Zombie Captain America26 The Wasp"" vs id285050:""Zombie Captain America"" || #47: id54604:""Gamora"" vs id285072:""Gamora, Daughter of Thanos"""
63,2023 Upper Deck Marvel What If…?,2023 Upper Deck Marvel What If…? - Flagship High Gloss,6860,2,"#25: id54820:""Zombie Captain America26 The Wasp"" vs id335839:""Zombie Captain America"" || #47: id54843:""Gamora"" vs id335861:""Gamora, Daughter of Thanos"""
64,2023 Upper Deck Marvel What If…?,2023 Upper Deck Marvel What If…? - Flagship Printing Plates Black,6861,2,"#25: id55141:""Zombie Captain America26 The Wasp"" vs id335889:""Zombie Captain America"" || #47: id55164:""Gamora"" vs id335911:""Gamora, Daughter of Thanos"""
65,2023 Upper Deck Marvel What If…?,2023 Upper Deck Marvel What If…? - Possibilities,5496,2,"#25: id55090:""Zombie Captain America26 The Wasp"" vs id285266:""Zombie Captain America"" || #47: id55114:""Gamora"" vs id285288:""Gamora, Daughter of Thanos"""
66,2023 Upper Deck Marvel What If…?,2023 Upper Deck Marvel What If…? - Possibilities Red,5499,2,"#25: id55288:""Zombie Captain America26 The Wasp"" vs id285416:""Zombie Captain America"" || #47: id55312:""Gamora"" vs id285438:""Gamora, Daughter of Thanos"""
67,2024 Upper Deck Marvel Studios Series 1,2024 Upper Deck Marvel Studios Series 1 - Exclusives,6156,2,"#39: id68416:""Jeremy Renner as Hawkeye"" vs id314404:""Jeremy Renner as"" || #47: id68425:""Jeremy Renner as Hawkeye"" vs id314412:""Jeremy Renner as"""
68,2024 Upper Deck Marvel Studios Series 1,2024 Upper Deck Marvel Studios Series 1 - High Gloss,6162,2,"#39: id68516:""Jeremy Renner as Hawkeye"" vs id314629:""Jeremy Renner as"" || #47: id68525:""Jeremy Renner as Hawkeye"" vs id314637:""Jeremy Renner as"""
69,2024 Upper Deck Marvel Studios Series 1,2024 Upper Deck Marvel Studios Series 1 - HoloGrFx,6163,2,"#HG-1: id68583:""Oscar Isaac as Moon Knight"" vs id314691:""Oscar Isaac as"" || #HG-8: id68611:""Jeremy Renner as Hawkeye"" vs id314698:""Jeremy Renner as"""
70,2024 Upper Deck Marvel Studios Series 1,2024 Upper Deck Marvel Studios Series 1 - HoloGrFx Gold,6164,2,"#HG-1: id68613:""Oscar Isaac as Moon Knight"" vs id314721:""Oscar Isaac as"" || #HG-8: id68641:""Jeremy Renner as Hawkeye"" vs id314728:""Jeremy Renner as"""
71,2024 Upper Deck Marvel Studios Series 1,2024 Upper Deck Marvel Studios Series 1 - HoloGrFx Green,6165,2,"#HG-1: id68643:""Oscar Isaac as Moon Knight"" vs id314751:""Oscar Isaac as"" || #HG-8: id68671:""Jeremy Renner as Hawkeye"" vs id314758:""Jeremy Renner as"""
72,2024 Upper Deck Marvel Studios Series 1,2024 Upper Deck Marvel Studios Series 1 - HoloGrFx Orange,6166,2,"#HG-1: id68673:""Oscar Isaac as Moon Knight"" vs id314781:""Oscar Isaac as"" || #HG-8: id68701:""Jeremy Renner as Hawkeye"" vs id314788:""Jeremy Renner as"""
73,2024 Upper Deck Marvel Studios Series 1,2024 Upper Deck Marvel Studios Series 1 - Printing Plates Black,6175,2,"#39: id69074:""Jeremy Renner as Hawkeye"" vs id315009:""Jeremy Renner as"" || #47: id69083:""Jeremy Renner as Hawkeye"" vs id315017:""Jeremy Renner as"""
74,marvel 2025 topps finest x men '97,Marvel 2025 Topps Finest X-Men '97 Voice Actor Autograph Variation,2241,2,"#1: id81749:""Beast [Gold Refractor]"" vs id81753:""Beast"" || #1: id81750:""Beast [X-Fractor]"" vs id81753:""Beast"""
75,1992 SkyBox Marvel Masterpieces,1992 SkyBox Marvel Masterpieces - Joe Jusko Signed Parallel,2642,1,"#100: id16582:""Checklist"" vs id183669:""Checklist CL"""
76,1994 Fleer Marvel Masterpieces Hildebrandt Brothers,1994 Fleer Marvel Masterpieces Hildebrandt Brothers - Base,6973,1,"#138: id17900:""Wrecker"" vs id17901:""Wrecker [Gold Foil Signature}"""
77,2008 Upper Deck Marvel Masterpieces Set 2,2008 Upper Deck Marvel Masterpieces Set 2 - Fantastic Four Movie Memorabilia,2836,1,"#FF1: id22902:""Mr. Fantastic"" vs id185238:""Mr. FantasticMEM"""
78,2009 Rittenhouse Spider-Man Archives,2009 Rittenhouse Spider-Man Archives - 2009 Rittenhouse Spider-Man Archives,12185,1,"#72: id530783:""Checklist CL"" vs id530828:""Checklist"""
79,2009 Rittenhouse Spider-Man Archives,2009 Rittenhouse Spider-Man Archives - Foil,11993,1,"#72: id23059:""Checklist"" vs id337587:""Checklist CL"""
80,2013 Fleer Retro Marvel,2013 Fleer Retro Marvel - Base Autograph Parallel,2963,1,"#22: id23562:""Iron Man"" vs id188233:""Iron Man / Salvador Larroca AU"""
81,"2022 Upper Deck Marvel Beginnings Volume 2, Series 1","2022 Upper Deck Marvel Beginnings Volume 2, Series 1 - Base",7133,1,"#21: id31484:""Quicksilver"" vs id31485:""Quicksilver [Black"""
82,2023 Fleer Ultra Marvel Wolverine,2023 Fleer Ultra Marvel Wolverine - eX Century,4789,1,"#EX76: id41981:""Jean Grey"" vs id96936:""Jean Grey (X-Force)"""
83,2023 Fleer Ultra Marvel Wolverine,2023 Fleer Ultra Marvel Wolverine - eX Century Essential Credentials Future,4790,1,"#EX76: id42081:""Jean Grey"" vs id244523:""Jean Grey (X-Force)"""
84,2023 Fleer Ultra Marvel Wolverine,2023 Fleer Ultra Marvel Wolverine - eX Century Essential Credentials Now,4791,1,"#EX76: id42181:""Jean Grey"" vs id244623:""Jean Grey (X-Force)"""
85,2023 Upper Deck Marvel Platinum ,2023 Upper Deck Marvel Platinum - Blue Rainbow,5228,1,"#135: id48579:""Mighty Thor (Jane Foster)"" vs id49752:""Mighty Thor"""
86,2023 Upper Deck Marvel Platinum ,2023 Upper Deck Marvel Platinum - Rainbow,5275,1,"#83: id52891:""Spider-Man Symbiote"" vs id102425:""Spider-Man"""
87,2023 Upper Deck Marvel Platinum ,2023 Upper Deck Marvel Platinum - Rainbow Color Wheel,5276,1,"#83: id52932:""Spider-Man Symbiote"" vs id102525:""Spider-Man"""
88,2023 Upper Deck Marvel What If…?,2023 Upper Deck Marvel What If…? - Frozen in Time,6865,1,"#C8: id54675:""WaspC9 Frost Giant Loki"" vs id108818:""Wasp"""
89,2023 Upper Deck Marvel What If…?,2023 Upper Deck Marvel What If…? - Frozen in Time Cosmic,6866,1,"#C8: id54689:""WaspC9 Frost Giant Loki"" vs id336087:""Wasp"""
90,2023 Upper Deck Marvel What If…?,2023 Upper Deck Marvel What If…? - Frozen in Time Cosmic Black Hole,6867,1,"#C8: id54703:""WaspC9 Frost Giant Loki"" vs id336102:""Wasp"""
91,2023 Upper Deck Marvel What If…?,2023 Upper Deck Marvel What If…? - Holographics,5491,1,"#UH4: id54855:""Gamora"" vs id285128:""Gamora, Daughter of Thanos"""
92,2023 Upper Deck Marvel What If…?,2023 Upper Deck Marvel What If…? - Medallion,5493,1,"#M17: id54942:""Gamora"" vs id136163:""Gamora, Daughter of Thanos"""
93,2023 Upper Deck Marvel What If…?,2023 Upper Deck Marvel What If…? - Medallion Platinum,5494,1,"#M17: id54972:""Gamora"" vs id136193:""Gamora, Daughter of Thanos"""
94,2023 Upper Deck Marvel What If…?,2023 Upper Deck Marvel What If…? - Medallion Violet,5495,1,"#M17: id55002:""Gamora"" vs id136223:""Gamora, Daughter of Thanos"""
